alert_id,school_id,school_name,student_id,student_name,guardian_name,relationship,phone_number_e164,alert_trigger_type,trigger_reason,sms_body,gateway_status,created_at
SMS#SCH01-S011#+254768426841,SCH01,"Baraka Mixed Secondary School (SCH01, Mixed)",SCH01-S011,Michael Mbugua,Peter Mbugua,Mother,+254768426841,CHRONIC_ABSENCE,Chronic Absenteeism (52.1%),"CSG ATTENDANCE NOTICE: Dear Peter Mbugua, student Michael Mbugua (SCH01-S011) at Baraka Mixed Secondary School (SCH01, Mixed) has registered Chronic Absenteeism (52.1%). Please contact the school principal.",QUEUED_FOR_DELIVERY,2026-09-15T12:00:00Z
SMS#SCH01-S016#+254750403910,SCH01,"Baraka Mixed Secondary School (SCH01, Mixed)",SCH01-S016,Violet Auma,Collins Auma,Guardian,+254750403910,CHRONIC_ABSENCE,Chronic Absenteeism (60.4%),"CSG ATTENDANCE NOTICE: Dear Collins Auma, student Violet Auma (SCH01-S016) at Baraka Mixed Secondary School (SCH01, Mixed) has registered Chronic Absenteeism (60.4%). Please contact the school principal.",QUEUED_FOR_DELIVERY,2026-09-15T12:00:00Z
SMS#SCH01-S030#+254110373540,SCH01,"Baraka Mixed Secondary School (SCH01, Mixed)",SCH01-S030,Sharon Njoroge,Millicent Njoroge,Grandfather,+254110373540,CHRONIC_ABSENCE,Chronic Absenteeism (58.3%),"CSG ATTENDANCE NOTICE: Dear Millicent Njoroge, student Sharon Njoroge (SCH01-S030) at Baraka Mixed Secondary School (SCH01, Mixed) has registered Chronic Absenteeism (58.3%). Please contact the school principal.",QUEUED_FOR_DELIVERY,2026-09-15T12:00:00Z
SMS#SCH01-S035#+254113772522,SCH01,"Baraka Mixed Secondary School (SCH01, Mixed)",SCH01-S035,Charles Wambui,Winnie Wambui,Grandfather,+254113772522,CHRONIC_ABSENCE,Chronic Absenteeism (64.6%),"CSG ATTENDANCE NOTICE: Dear Winnie Wambui, student Charles Wambui (SCH01-S035) at Baraka Mixed Secondary School (SCH01, Mixed) has registered Chronic Absenteeism (64.6%). Please contact the school principal.",QUEUED_FOR_DELIVERY,2026-09-15T12:00:00Z
SMS#SCH02-S014#+254750646857,SCH02,"Girls Secondary School (SCH02, Girls)",SCH02-S014,Nancy Kariuki,Erick Kariuki,Father,+254750646857,CHRONIC_ABSENCE,Chronic Absenteeism (58.3%),"CSG ATTENDANCE NOTICE: Dear Erick Kariuki, student Nancy Kariuki (SCH02-S014) at Girls Secondary School (SCH02, Girls) has registered Chronic Absenteeism (58.3%). Please contact the school principal.",QUEUED_FOR_DELIVERY,2026-09-15T12:00:00Z
SMS#SCH02-S016#+254722548954,SCH02,"Girls Secondary School (SCH02, Girls)",SCH02-S016,Khadija Nafula,Brian Nafula,Guardian,+254722548954,CHRONIC_ABSENCE,Chronic Absenteeism (62.5%),"CSG ATTENDANCE NOTICE: Dear Brian Nafula, student Khadija Nafula (SCH02-S016) at Girls Secondary School (SCH02, Girls) has registered Chronic Absenteeism (62.5%). Please contact the school principal.",QUEUED_FOR_DELIVERY,2026-09-15T12:00:00Z
SMS#SCH02-S026#+254701271347,SCH02,"Girls Secondary School (SCH02, Girls)",SCH02-S026,Kendi Akinyi,Dennis Akinyi,Father,+254701271347,CONSECUTIVE_ABSENCE_STREAK,Consecutive Absences (4 days),"CSG ATTENDANCE NOTICE: Dear Dennis Akinyi, student Kendi Akinyi (SCH02-S026) at Girls Secondary School (SCH02, Girls) has registered Consecutive Absences (4 days). Please contact the school principal.",QUEUED_FOR_DELIVERY,2026-09-15T12:00:00Z
SMS#SCH02-S027#+254791942179,SCH02,"Girls Secondary School (SCH02, Girls)",SCH02-S027,Naomi Mutua,Olive Mutua,Grandmother,+254791942179,CONSECUTIVE_ABSENCE_STREAK,Consecutive Absences (4 days),"CSG ATTENDANCE NOTICE: Dear Olive Mutua, student Naomi Mutua (SCH02-S027) at Girls Secondary School (SCH02, Girls) has registered Consecutive Absences (4 days). Please contact the school principal.",QUEUED_FOR_DELIVERY,2026-09-15T12:00:00Z
SMS#SCH03-S003#+254741782680,SCH03,"Girls Secondary School (SCH03, Girls)",SCH03-S003,Naomi Wanjiru,Purity Wanjiru,Guardian,+254741782680,CHRONIC_ABSENCE,Chronic Absenteeism (60.4%),"CSG ATTENDANCE NOTICE: Dear Purity Wanjiru, student Naomi Wanjiru (SCH03-S003) at Girls Secondary School (SCH03, Girls) has registered Chronic Absenteeism (60.4%). Please contact the school principal.",QUEUED_FOR_DELIVERY,2026-09-15T12:00:00Z
SMS#SCH03-S004#+254721219046,SCH03,"Girls Secondary School (SCH03, Girls)",SCH03-S004,Peris Kimani,Francis Kimani,Father,+254721219046,CHRONIC_ABSENCE,Chronic Absenteeism (64.6%),"CSG ATTENDANCE NOTICE: Dear Francis Kimani, student Peris Kimani (SCH03-S004) at Girls Secondary School (SCH03, Girls) has registered Chronic Absenteeism (64.6%). Please contact the school principal.",QUEUED_FOR_DELIVERY,2026-09-15T12:00:00Z
SMS#SCH03-S013#+254111381280,SCH03,"Girls Secondary School (SCH03, Girls)",SCH03-S013,Mercy Gathoni,Wycliffe Gathoni,Uncle,+254111381280,CHRONIC_ABSENCE,Chronic Absenteeism (62.5%),"CSG ATTENDANCE NOTICE: Dear Wycliffe Gathoni, student Mercy Gathoni (SCH03-S013) at Girls Secondary School (SCH03, Girls) has registered Chronic Absenteeism (62.5%). Please contact the school principal.",QUEUED_FOR_DELIVERY,2026-09-15T12:00:00Z
SMS#SCH03-S022#+254721775633,SCH03,"Girls Secondary School (SCH03, Girls)",SCH03-S022,Agnes Mutua,Emmanuel Mutua,Aunt,+254721775633,CONSECUTIVE_ABSENCE_STREAK,Consecutive Absences (3 days),"CSG ATTENDANCE NOTICE: Dear Emmanuel Mutua, student Agnes Mutua (SCH03-S022) at Girls Secondary School (SCH03, Girls) has registered Consecutive Absences (3 days). Please contact the school principal.",QUEUED_FOR_DELIVERY,2026-09-15T12:00:00Z
SMS#SCH04-S003#+254790450382,SCH04,"Boys Secondary School (SCH04, Boys)",SCH04-S003,Dickson Achieng,Lydia Achieng,Uncle,+254790450382,CONSECUTIVE_ABSENCE_STREAK,Consecutive Absences (3 days),"CSG ATTENDANCE NOTICE: Dear Lydia Achieng, student Dickson Achieng (SCH04-S003) at Boys Secondary School (SCH04, Boys) has registered Consecutive Absences (3 days). Please contact the school principal.",QUEUED_FOR_DELIVERY,2026-09-15T12:00:00Z
SMS#SCH04-S006#+254722027661,SCH04,"Boys Secondary School (SCH04, Boys)",SCH04-S006,Oscar Achieng,Khadija Achieng,Guardian,+254722027661,CHRONIC_ABSENCE,Chronic Absenteeism (64.6%),"CSG ATTENDANCE NOTICE: Dear Khadija Achieng, student Oscar Achieng (SCH04-S006) at Boys Secondary School (SCH04, Boys) has registered Chronic Absenteeism (64.6%). Please contact the school principal.",QUEUED_FOR_DELIVERY,2026-09-15T12:00:00Z
SMS#SCH04-S014#+254111729127,SCH04,"Boys Secondary School (SCH04, Boys)",SCH04-S014,Victor Kilonzo,Agnes Kilonzo,Uncle,+254111729127,CHRONIC_ABSENCE,Chronic Absenteeism (58.3%),"CSG ATTENDANCE NOTICE: Dear Agnes Kilonzo, student Victor Kilonzo (SCH04-S014) at Boys Secondary School (SCH04, Boys) has registered Chronic Absenteeism (58.3%). Please contact the school principal.",QUEUED_FOR_DELIVERY,2026-09-15T12:00:00Z
SMS#SCH05-S004#+254111457621,SCH05,"Boys Secondary School (SCH05, Boys)",SCH05-S004,Geoffrey Kiptoo,Fred Kiptoo,Uncle,+254111457621,CHRONIC_ABSENCE,Chronic Absenteeism (64.6%),"CSG ATTENDANCE NOTICE: Dear Fred Kiptoo, student Geoffrey Kiptoo (SCH05-S004) at Boys Secondary School (SCH05, Boys) has registered Chronic Absenteeism (64.6%). Please contact the school principal.",QUEUED_FOR_DELIVERY,2026-09-15T12:00:00Z
SMS#SCH05-S007#+254791405344,SCH05,"Boys Secondary School (SCH05, Boys)",SCH05-S007,Enock Kiprono,Diana Kiprono,Aunt,+254791405344,CHRONIC_ABSENCE,Chronic Absenteeism (64.6%),"CSG ATTENDANCE NOTICE: Dear Diana Kiprono, student Enock Kiprono (SCH05-S007) at Boys Secondary School (SCH05, Boys) has registered Chronic Absenteeism (64.6%). Please contact the school principal.",QUEUED_FOR_DELIVERY,2026-09-15T12:00:00Z
SMS#SCH05-S009#+254790044205,SCH05,"Boys Secondary School (SCH05, Boys)",SCH05-S009,Brian Wekesa,Peris Wekesa,Mother,+254790044205,CONSECUTIVE_ABSENCE_STREAK,Consecutive Absences (3 days),"CSG ATTENDANCE NOTICE: Dear Peris Wekesa, student Brian Wekesa (SCH05-S009) at Boys Secondary School (SCH05, Boys) has registered Consecutive Absences (3 days). Please contact the school principal.",QUEUED_FOR_DELIVERY,2026-09-15T12:00:00Z
SMS#SCH05-S013#+254711085005,SCH05,"Boys Secondary School (SCH05, Boys)",SCH05-S013,Kelvin Ochieng,Ursula Ochieng,Guardian,+254711085005,CHRONIC_ABSENCE,Chronic Absenteeism (58.3%),"CSG ATTENDANCE NOTICE: Dear Ursula Ochieng, student Kelvin Ochieng (SCH05-S013) at Boys Secondary School (SCH05, Boys) has registered Chronic Absenteeism (58.3%). Please contact the school principal.",QUEUED_FOR_DELIVERY,2026-09-15T12:00:00Z
SMS#SCH05-S014#+254733823704,SCH05,"Boys Secondary School (SCH05, Boys)",SCH05-S014,Kibet Onyango,Samuel Onyango,Father,+254733823704,CHRONIC_ABSENCE,Chronic Absenteeism (68.8%),"CSG ATTENDANCE NOTICE: Dear Samuel Onyango, student Kibet Onyango (SCH05-S014) at Boys Secondary School (SCH05, Boys) has registered Chronic Absenteeism (68.8%). Please contact the school principal.",QUEUED_FOR_DELIVERY,2026-09-15T12:00:00Z
