contact_id,student_id,student_name,school_id,class_id,guardian_name,relationship,phone_number_raw,phone_number_e164,primary_contact
GC#SCH01-S001#0721 384 842,SCH01-S001,Hillary Wanjiru,SCH01,SCH01-FORM2NORTH,Violet Wanjiru,Guardian,0721 384 842,+254721384842,Yes
GC#SCH01-S002#0722 308 330,SCH01-S002,Ruth Chebet,SCH01,SCH01-FORM2NORTH,Millicent Chebet,Grandmother,0722 308 330,+254722308330,Yes
GC#SCH01-S003#0710 208 267,SCH01-S003,Oscar Wafula,SCH01,SCH01-FORM2NORTH,Ursula Wafula,Guardian,0710 208 267,+254710208267,Yes
GC#SCH01-S004#0740 401 938,SCH01-S004,Grace Mbugua,SCH01,SCH01-FORM2NORTH,Harrison Mbugua,Father,0740 401 938,+254740401938,Yes
GC#SCH01-S005#0720 620 672,SCH01-S005,Felix Mumbi,SCH01,SCH01-FORM2NORTH,Emmanuel Mumbi,Grandfather,0720 620 672,+254720620672,Yes
GC#SCH01-S006#0701 049 915,SCH01-S006,Eunice Kamau,SCH01,SCH01-FORM2NORTH,Isaac Kamau,Grandfather,0701 049 915,+254701049915,Yes
GC#SCH01-S006#0113 887 287,SCH01-S006,Eunice Kamau,SCH01,SCH01-FORM2NORTH,Sharon Kamau,Guardian,0113 887 287,+254113887287,No
GC#SCH01-S007#0740 274 205,SCH01-S007,Kevin Njoroge,SCH01,SCH01-FORM2NORTH,Oscar Njoroge,Grandfather,0740 274 205,+254740274205,Yes
GC#SCH01-S008#0720 966 851,SCH01-S008,Naomi Omondi,SCH01,SCH01-FORM2NORTH,Erick Omondi,Uncle,0720 966 851,+254720966851,Yes
GC#SCH01-S009#0711 753 046,SCH01-S009,Duncan Cheruiyot,SCH01,SCH01-FORM2NORTH,Daniel Cheruiyot,Mother,0711 753 046,+254711753046,Yes
GC#SCH01-S010#0740 499 045,SCH01-S010,Brenda Atieno,SCH01,SCH01-FORM2NORTH,Francis Atieno,Grandfather,0740 499 045,+254740499045,Yes
GC#SCH01-S011#0768 426 841,SCH01-S011,Michael Mbugua,SCH01,SCH01-FORM2NORTH,Peter Mbugua,Mother,0768 426 841,+254768426841,Yes
GC#SCH01-S012#0112 332 727,SCH01-S012,Doreen Omondi,SCH01,SCH01-FORM2NORTH,Hellen Omondi,Guardian,0112 332 727,+254112332727,Yes
GC#SCH01-S013#0757 878 339,SCH01-S013,Dickson Mumbi,SCH01,SCH01-FORM2NORTH,Hellen Mumbi,Uncle,0757 878 339,+254757878339,Yes
GC#SCH01-S014#0768 851 910,SCH01-S014,Ruth Otieno,SCH01,SCH01-FORM2NORTH,Eunice Otieno,Mother,0768 851 910,+254768851910,Yes
GC#SCH01-S014#0791 398 225,SCH01-S014,Ruth Otieno,SCH01,SCH01-FORM2NORTH,Halima Otieno,Grandfather,0791 398 225,+254791398225,No
GC#SCH01-S015#0721 971 870,SCH01-S015,Kelvin Odhiambo,SCH01,SCH01-FORM2NORTH,Oscar Odhiambo,Aunt,0721 971 870,+254721971870,Yes
GC#SCH01-S015#0791 679 087,SCH01-S015,Kelvin Odhiambo,SCH01,SCH01-FORM2NORTH,Robert Odhiambo,Aunt,0791 679 087,+254791679087,No
GC#SCH01-S016#0750 403 910,SCH01-S016,Violet Auma,SCH01,SCH01-FORM2NORTH,Collins Auma,Guardian,0750 403 910,+254750403910,Yes
GC#SCH01-S017#0110 017 046,SCH01-S017,John Wambui,SCH01,SCH01-FORM2NORTH,Ian Wambui,Grandmother,0110 017 046,+254110017046,Yes
GC#SCH01-S018#0741 676 618,SCH01-S018,Violet Kiptoo,SCH01,SCH01-FORM2NORTH,Naomi Kiptoo,Father,0741 676 618,+254741676618,Yes
GC#SCH01-S019#0710 286 823,SCH01-S019,Felix Kosgei,SCH01,SCH01-FORM2NORTH,Esther Kosgei,Grandfather,0710 286 823,+254710286823,Yes
GC#SCH01-S020#0733 786 863,SCH01-S020,Grace Maina,SCH01,SCH01-FORM2NORTH,Collins Maina,Grandfather,0733 786 863,+254733786863,Yes
GC#SCH01-S021#0723 310 690,SCH01-S021,Charles Cheruiyot,SCH01,SCH01-FORM2NORTH,Victor Cheruiyot,Guardian,0723 310 690,+254723310690,Yes
GC#SCH01-S022#0112 079 030,SCH01-S022,Quinter Kamau,SCH01,SCH01-FORM2NORTH,Michael Kamau,Mother,0112 079 030,+254112079030,Yes
GC#SCH01-S023#0721 028 439,SCH01-S023,Elvis Mbugua,SCH01,SCH01-FORM2NORTH,Gladys Mbugua,Father,0721 028 439,+254721028439,Yes
GC#SCH01-S024#0722 428 364,SCH01-S024,Hellen Kosgei,SCH01,SCH01-FORM2NORTH,Brenda Kosgei,Uncle,0722 428 364,+254722428364,Yes
GC#SCH01-S025#0720 687 056,SCH01-S025,Felix Atieno,SCH01,SCH01-FORM2NORTH,Millicent Atieno,Uncle,0720 687 056,+254720687056,Yes
GC#SCH01-S026#0757 246 287,SCH01-S026,Sharon Kavata,SCH01,SCH01-FORM2NORTH,Naomi Kavata,Guardian,0757 246 287,+254757246287,Yes
GC#SCH01-S027#0711 708 668,SCH01-S027,Daniel Kilonzo,SCH01,SCH01-FORM2NORTH,Joseph Kilonzo,Father,0711 708 668,+254711708668,Yes
GC#SCH01-S028#0723 351 751,SCH01-S028,Mercy Mutua,SCH01,SCH01-FORM2NORTH,Alex Mutua,Aunt,0723 351 751,+254723351751,Yes
GC#SCH01-S029#0701 469 901,SCH01-S029,Collins Omondi,SCH01,SCH01-FORM2NORTH,Erick Omondi,Grandfather,0701 469 901,+254701469901,Yes
GC#SCH01-S030#0110 373 540,SCH01-S030,Sharon Njoroge,SCH01,SCH01-FORM2NORTH,Millicent Njoroge,Grandfather,0110 373 540,+254110373540,Yes
GC#SCH01-S031#0790 393 638,SCH01-S031,Oscar Kiptoo,SCH01,SCH01-FORM2NORTH,Peter Kiptoo,Father,0790 393 638,+254790393638,Yes
GC#SCH01-S032#0768 854 458,SCH01-S032,Beatrice Auma,SCH01,SCH01-FORM2NORTH,Irene Auma,Guardian,0768 854 458,+254768854458,Yes
GC#SCH01-S033#0790 535 560,SCH01-S033,Elvis Akinyi,SCH01,SCH01-FORM2NORTH,Michael Akinyi,Aunt,0790 535 560,+254790535560,Yes
GC#SCH01-S033#0711 048 996,SCH01-S033,Elvis Akinyi,SCH01,SCH01-FORM2NORTH,Dickson Akinyi,Uncle,0711 048 996,+254711048996,No
GC#SCH01-S034#0722 693 785,SCH01-S034,Kendi Akinyi,SCH01,SCH01-FORM2NORTH,Catherine Akinyi,Father,0722 693 785,+254722693785,Yes
GC#SCH01-S035#0113 772 522,SCH01-S035,Charles Wambui,SCH01,SCH01-FORM2NORTH,Winnie Wambui,Grandfather,0113 772 522,+254113772522,Yes
GC#SCH01-S036#0110 080 100,SCH01-S036,Ruth Mutua,SCH01,SCH01-FORM2NORTH,Daniel Mutua,Aunt,0110 080 100,+254110080100,Yes
GC#SCH02-S001#0702 658 053,SCH02-S001,Joy Kavata,SCH02,SCH02-FORM3EAST,Isaac Kavata,Guardian,0702 658 053,+254702658053,Yes
GC#SCH02-S002#0757 590 903,SCH02-S002,Winnie Mwangi,SCH02,SCH02-FORM3EAST,Wycliffe Mwangi,Aunt,0757 590 903,+254757590903,Yes
GC#SCH02-S003#0720 956 417,SCH02-S003,Millicent Cheruiyot,SCH02,SCH02-FORM3EAST,Eunice Cheruiyot,Uncle,0720 956 417,+254720956417,Yes
GC#SCH02-S004#0733 388 826,SCH02-S004,Linet Kosgei,SCH02,SCH02-FORM3EAST,Quinter Kosgei,Grandfather,0733 388 826,+254733388826,Yes
GC#SCH02-S005#0791 646 649,SCH02-S005,Sharon Kavata,SCH02,SCH02-FORM3EAST,Esther Kavata,Uncle,0791 646 649,+254791646649,Yes
GC#SCH02-S006#0720 485 828,SCH02-S006,Eunice Kilonzo,SCH02,SCH02-FORM3EAST,Collins Kilonzo,Uncle,0720 485 828,+254720485828,Yes
GC#SCH02-S007#0791 626 916,SCH02-S007,Onalisa Kamau,SCH02,SCH02-FORM3EAST,Purity Kamau,Father,0791 626 916,+254791626916,Yes
GC#SCH02-S008#0113 037 268,SCH02-S008,Khadija Mbugua,SCH02,SCH02-FORM3EAST,Hellen Mbugua,Grandfather,0113 037 268,+254113037268,Yes
GC#SCH02-S009#0768 575 641,SCH02-S009,Rehema Nafula,SCH02,SCH02-FORM3EAST,Esther Nafula,Uncle,0768 575 641,+254768575641,Yes
GC#SCH02-S009#0702 824 086,SCH02-S009,Rehema Nafula,SCH02,SCH02-FORM3EAST,Samuel Nafula,Mother,0702 824 086,+254702824086,No
GC#SCH02-S010#0701 207 781,SCH02-S010,Florence Omondi,SCH02,SCH02-FORM3EAST,Brian Omondi,Aunt,0701 207 781,+254701207781,Yes
GC#SCH02-S011#0720 439 721,SCH02-S011,Josephine Wafula,SCH02,SCH02-FORM3EAST,Enock Wafula,Uncle,0720 439 721,+254720439721,Yes
GC#SCH02-S012#0722 946 780,SCH02-S012,Faith Achieng,SCH02,SCH02-FORM3EAST,Violet Achieng,Guardian,0722 946 780,+254722946780,Yes
GC#SCH02-S013#0741 762 284,SCH02-S013,Linet Cheruiyot,SCH02,SCH02-FORM3EAST,Elvis Cheruiyot,Uncle,0741 762 284,+254741762284,Yes
GC#SCH02-S014#0750 646 857,SCH02-S014,Nancy Kariuki,SCH02,SCH02-FORM3EAST,Erick Kariuki,Father,0750 646 857,+254750646857,Yes
GC#SCH02-S015#0790 339 700,SCH02-S015,Josephine Omondi,SCH02,SCH02-FORM3EAST,Kelvin Omondi,Grandfather,0790 339 700,+254790339700,Yes
GC#SCH02-S016#0722 548 954,SCH02-S016,Khadija Nafula,SCH02,SCH02-FORM3EAST,Brian Nafula,Guardian,0722 548 954,+254722548954,Yes
GC#SCH02-S016#0750 120 157,SCH02-S016,Khadija Nafula,SCH02,SCH02-FORM3EAST,Faith Nafula,Guardian,0750 120 157,+254750120157,No
GC#SCH02-S017#0113 789 053,SCH02-S017,Joy Gathoni,SCH02,SCH02-FORM3EAST,Irene Gathoni,Grandmother,0113 789 053,+254113789053,Yes
GC#SCH02-S018#0722 212 370,SCH02-S018,Rehema Muthoni,SCH02,SCH02-FORM3EAST,Collins Muthoni,Uncle,0722 212 370,+254722212370,Yes
GC#SCH02-S019#0768 692 858,SCH02-S019,Halima Mutua,SCH02,SCH02-FORM3EAST,Doreen Mutua,Grandmother,0768 692 858,+254768692858,Yes
GC#SCH02-S019#0768 291 664,SCH02-S019,Halima Mutua,SCH02,SCH02-FORM3EAST,Teresa Mutua,Grandfather,0768 291 664,+254768291664,No
GC#SCH02-S020#0740 544 174,SCH02-S020,Purity Kavata,SCH02,SCH02-FORM3EAST,Brenda Kavata,Guardian,0740 544 174,+254740544174,Yes
GC#SCH02-S021#0710 743 661,SCH02-S021,Faith Njeri,SCH02,SCH02-FORM3EAST,Francis Njeri,Grandmother,0710 743 661,+254710743661,Yes
GC#SCH02-S021#0110 242 955,SCH02-S021,Faith Njeri,SCH02,SCH02-FORM3EAST,Emmanuel Njeri,Mother,0110 242 955,+254110242955,No
GC#SCH02-S022#0791 469 968,SCH02-S022,Beatrice Kiprono,SCH02,SCH02-FORM3EAST,Winnie Kiprono,Guardian,0791 469 968,+254791469968,Yes
GC#SCH02-S023#0702 040 481,SCH02-S023,Josephine Odhiambo,SCH02,SCH02-FORM3EAST,Irene Odhiambo,Aunt,0702 040 481,+254702040481,Yes
GC#SCH02-S024#0733 313 142,SCH02-S024,Peris Odhiambo,SCH02,SCH02-FORM3EAST,George Odhiambo,Aunt,0733 313 142,+254733313142,Yes
GC#SCH02-S025#0112 407 209,SCH02-S025,Cynthia Wafula,SCH02,SCH02-FORM3EAST,Lewis Wafula,Guardian,0112 407 209,+254112407209,Yes
GC#SCH02-S026#0701 271 347,SCH02-S026,Kendi Akinyi,SCH02,SCH02-FORM3EAST,Dennis Akinyi,Father,0701 271 347,+254701271347,Yes
GC#SCH02-S027#0791 942 179,SCH02-S027,Naomi Mutua,SCH02,SCH02-FORM3EAST,Olive Mutua,Grandmother,0791 942 179,+254791942179,Yes
GC#SCH02-S028#0710 204 531,SCH02-S028,Onalisa Chebet,SCH02,SCH02-FORM3EAST,Michael Chebet,Grandmother,0710 204 531,+254710204531,Yes
GC#SCH02-S029#0757 574 051,SCH02-S029,Sharon Odhiambo,SCH02,SCH02-FORM3EAST,Enock Odhiambo,Grandmother,0757 574 051,+254757574051,Yes
GC#SCH02-S030#0710 284 205,SCH02-S030,Irene Atieno,SCH02,SCH02-FORM3EAST,Kibet Atieno,Guardian,0710 284 205,+254710284205,Yes
GC#SCH02-S031#0741 511 591,SCH02-S031,Rehema Kariuki,SCH02,SCH02-FORM3EAST,Emmanuel Kariuki,Guardian,0741 511 591,+254741511591,Yes
GC#SCH02-S032#0757 279 183,SCH02-S032,Ruth Onyango,SCH02,SCH02-FORM3EAST,Esther Onyango,Uncle,0757 279 183,+254757279183,Yes
GC#SCH02-S033#0722 256 295,SCH02-S033,Halima Mbugua,SCH02,SCH02-FORM3EAST,Eunice Mbugua,Grandmother,0722 256 295,+254722256295,Yes
GC#SCH02-S034#0113 909 024,SCH02-S034,Florence Rotich,SCH02,SCH02-FORM3EAST,Quinter Rotich,Guardian,0113 909 024,+254113909024,Yes
GC#SCH03-S001#0722 451 795,SCH03-S001,Faith Kamau,SCH03,SCH03-FORM1WEST,Linet Kamau,Father,0722 451 795,+254722451795,Yes
GC#SCH03-S002#0741 485 712,SCH03-S002,Ivy Cheruiyot,SCH03,SCH03-FORM1WEST,Francis Cheruiyot,Mother,0741 485 712,+254741485712,Yes
GC#SCH03-S002#0757 400 604,SCH03-S002,Ivy Cheruiyot,SCH03,SCH03-FORM1WEST,Gilbert Cheruiyot,Aunt,0757 400 604,+254757400604,No
GC#SCH03-S003#0741 782 680,SCH03-S003,Naomi Wanjiru,SCH03,SCH03-FORM1WEST,Purity Wanjiru,Guardian,0741 782 680,+254741782680,Yes
GC#SCH03-S004#0721 219 046,SCH03-S004,Peris Kimani,SCH03,SCH03-FORM1WEST,Francis Kimani,Father,0721 219 046,+254721219046,Yes
GC#SCH03-S005#0113 667 393,SCH03-S005,Rehema Chebet,SCH03,SCH03-FORM1WEST,Alex Chebet,Grandmother,0113 667 393,+254113667393,Yes
GC#SCH03-S006#0720 454 405,SCH03-S006,Brenda Chebet,SCH03,SCH03-FORM1WEST,Kibet Chebet,Grandfather,0720 454 405,+254720454405,Yes
GC#SCH03-S007#0722 686 454,SCH03-S007,Winnie Kiptoo,SCH03,SCH03-FORM1WEST,Hellen Kiptoo,Mother,0722 686 454,+254722686454,Yes
GC#SCH03-S008#0112 681 708,SCH03-S008,Irene Adhiambo,SCH03,SCH03-FORM1WEST,Gilbert Adhiambo,Grandmother,0112 681 708,+254112681708,Yes
GC#SCH03-S009#0700 366 758,SCH03-S009,Grace Atieno,SCH03,SCH03-FORM1WEST,Lewis Atieno,Uncle,0700 366 758,+254700366758,Yes
GC#SCH03-S010#0710 521 811,SCH03-S010,Winnie Kilonzo,SCH03,SCH03-FORM1WEST,Ann Kilonzo,Aunt,0710 521 811,+254710521811,Yes
GC#SCH03-S010#0711 250 408,SCH03-S010,Winnie Kilonzo,SCH03,SCH03-FORM1WEST,Fred Kilonzo,Grandmother,0711 250 408,+254711250408,No
GC#SCH03-S011#0711 394 902,SCH03-S011,Quinter Mumbi,SCH03,SCH03-FORM1WEST,Ruth Mumbi,Uncle,0711 394 902,+254711394902,Yes
GC#SCH03-S012#0701 931 939,SCH03-S012,Beatrice Kariuki,SCH03,SCH03-FORM1WEST,Kibet Kariuki,Mother,0701 931 939,+254701931939,Yes
GC#SCH03-S013#0111 381 280,SCH03-S013,Mercy Gathoni,SCH03,SCH03-FORM1WEST,Wycliffe Gathoni,Uncle,0111 381 280,+254111381280,Yes
GC#SCH03-S014#0768 438 447,SCH03-S014,Grace Wairimu,SCH03,SCH03-FORM1WEST,Mercy Wairimu,Father,0768 438 447,+254768438447,Yes
GC#SCH03-S015#0768 844 819,SCH03-S015,Esther Jepkosgei,SCH03,SCH03-FORM1WEST,Dennis Jepkosgei,Grandfather,0768 844 819,+254768844819,Yes
GC#SCH03-S015#0733 185 284,SCH03-S015,Esther Jepkosgei,SCH03,SCH03-FORM1WEST,Dickson Jepkosgei,Father,0733 185 284,+254733185284,No
GC#SCH03-S016#0111 559 624,SCH03-S016,Peris Jepkosgei,SCH03,SCH03-FORM1WEST,Elvis Jepkosgei,Grandfather,0111 559 624,+254111559624,Yes
GC#SCH03-S017#0702 604 845,SCH03-S017,Quinter Kavata,SCH03,SCH03-FORM1WEST,Oscar Kavata,Aunt,0702 604 845,+254702604845,Yes
GC#SCH03-S018#0768 209 692,SCH03-S018,Linet Adhiambo,SCH03,SCH03-FORM1WEST,Enock Adhiambo,Grandmother,0768 209 692,+254768209692,Yes
GC#SCH03-S019#0768 384 964,SCH03-S019,Brenda Kosgei,SCH03,SCH03-FORM1WEST,Diana Kosgei,Aunt,0768 384 964,+254768384964,Yes
GC#SCH03-S020#0790 143 300,SCH03-S020,Peris Wafula,SCH03,SCH03-FORM1WEST,Alex Wafula,Grandfather,0790 143 300,+254790143300,Yes
GC#SCH03-S021#0740 608 940,SCH03-S021,Halima Rotich,SCH03,SCH03-FORM1WEST,Diana Rotich,Father,0740 608 940,+254740608940,Yes
GC#SCH03-S022#0721 775 633,SCH03-S022,Agnes Mutua,SCH03,SCH03-FORM1WEST,Emmanuel Mutua,Aunt,0721 775 633,+254721775633,Yes
GC#SCH03-S023#0710 651 034,SCH03-S023,Halima Barasa,SCH03,SCH03-FORM1WEST,Doreen Barasa,Grandfather,0710 651 034,+254710651034,Yes
GC#SCH03-S024#0701 731 689,SCH03-S024,Eunice Njeri,SCH03,SCH03-FORM1WEST,Dennis Njeri,Grandfather,0701 731 689,+254701731689,Yes
GC#SCH03-S025#0791 849 522,SCH03-S025,Ursula Achieng,SCH03,SCH03-FORM1WEST,Elvis Achieng,Mother,0791 849 522,+254791849522,Yes
GC#SCH03-S025#0111 516 266,SCH03-S025,Ursula Achieng,SCH03,SCH03-FORM1WEST,Felix Achieng,Aunt,0111 516 266,+254111516266,No
GC#SCH03-S026#0757 267 717,SCH03-S026,Olive Nyambura,SCH03,SCH03-FORM1WEST,Boniface Nyambura,Father,0757 267 717,+254757267717,Yes
GC#SCH03-S027#0791 768 822,SCH03-S027,Catherine Wafula,SCH03,SCH03-FORM1WEST,Oscar Wafula,Grandmother,0791 768 822,+254791768822,Yes
GC#SCH03-S028#0701 769 402,SCH03-S028,Faith Njoroge,SCH03,SCH03-FORM1WEST,Robert Njoroge,Aunt,0701 769 402,+254701769402,Yes
GC#SCH03-S029#0112 612 922,SCH03-S029,Esther Wekesa,SCH03,SCH03-FORM1WEST,Ursula Wekesa,Uncle,0112 612 922,+254112612922,Yes
GC#SCH03-S030#0768 451 465,SCH03-S030,Naomi Kimani,SCH03,SCH03-FORM1WEST,Diana Kimani,Uncle,0768 451 465,+254768451465,Yes
GC#SCH03-S031#0710 396 338,SCH03-S031,Quinter Barasa,SCH03,SCH03-FORM1WEST,Halima Barasa,Father,0710 396 338,+254710396338,Yes
GC#SCH03-S031#0111 036 034,SCH03-S031,Quinter Barasa,SCH03,SCH03-FORM1WEST,Ruth Barasa,Aunt,0111 036 034,+254111036034,No
GC#SCH03-S032#0790 269 956,SCH03-S032,Ivy Rotich,SCH03,SCH03-FORM1WEST,Duncan Rotich,Mother,0790 269 956,+254790269956,Yes
GC#SCH03-S033#0702 127 650,SCH03-S033,Esther Kamau,SCH03,SCH03-FORM1WEST,Agnes Kamau,Guardian,0702 127 650,+254702127650,Yes
GC#SCH03-S034#0111 266 421,SCH03-S034,Linet Muthoni,SCH03,SCH03-FORM1WEST,Peter Muthoni,Father,0111 266 421,+254111266421,Yes
GC#SCH03-S035#0710 433 081,SCH03-S035,Catherine Ochieng,SCH03,SCH03-FORM1WEST,Dickson Ochieng,Grandfather,0710 433 081,+254710433081,Yes
GC#SCH03-S036#0733 164 086,SCH03-S036,Khadija Kamau,SCH03,SCH03-FORM1WEST,Duncan Kamau,Grandfather,0733 164 086,+254733164086,Yes
GC#SCH03-S036#0111 021 252,SCH03-S036,Khadija Kamau,SCH03,SCH03-FORM1WEST,Winnie Kamau,Grandfather,0111 021 252,+254111021252,No
GC#SCH03-S037#0723 448 506,SCH03-S037,Violet Wafula,SCH03,SCH03-FORM1WEST,Harrison Wafula,Father,0723 448 506,+254723448506,Yes
GC#SCH03-S038#0757 630 500,SCH03-S038,Winnie Akinyi,SCH03,SCH03-FORM1WEST,Josephine Akinyi,Grandfather,0757 630 500,+254757630500,Yes
GC#SCH04-S001#0757 842 964,SCH04-S001,Ian Wambui,SCH04,SCH04-FORM4SOUTH,Humphrey Wambui,Grandmother,0757 842 964,+254757842964,Yes
GC#SCH04-S001#0790 403 522,SCH04-S001,Ian Wambui,SCH04,SCH04-FORM4SOUTH,Anthony Wambui,Aunt,0790 403 522,+254790403522,No
GC#SCH04-S002#0110 591 019,SCH04-S002,Humphrey Rotich,SCH04,SCH04-FORM4SOUTH,Erick Rotich,Aunt,0110 591 019,+254110591019,Yes
GC#SCH04-S003#0790 450 382,SCH04-S003,Dickson Achieng,SCH04,SCH04-FORM4SOUTH,Lydia Achieng,Uncle,0790 450 382,+254790450382,Yes
GC#SCH04-S004#0113 775 766,SCH04-S004,Oscar Wairimu,SCH04,SCH04-FORM4SOUTH,Kendi Wairimu,Aunt,0113 775 766,+254113775766,Yes
GC#SCH04-S005#0722 330 982,SCH04-S005,Peter Mumbi,SCH04,SCH04-FORM4SOUTH,Anthony Mumbi,Aunt,0722 330 982,+254722330982,Yes
GC#SCH04-S005#0733 510 865,SCH04-S005,Peter Mumbi,SCH04,SCH04-FORM4SOUTH,Peter Mumbi,Grandmother,0733 510 865,+254733510865,No
GC#SCH04-S006#0722 027 661,SCH04-S006,Oscar Achieng,SCH04,SCH04-FORM4SOUTH,Khadija Achieng,Guardian,0722 027 661,+254722027661,Yes
GC#SCH04-S007#0733 165 786,SCH04-S007,Dennis Barasa,SCH04,SCH04-FORM4SOUTH,Enock Barasa,Father,0733 165 786,+254733165786,Yes
GC#SCH04-S008#0702 169 532,SCH04-S008,Robert Njoroge,SCH04,SCH04-FORM4SOUTH,Peris Njoroge,Guardian,0702 169 532,+254702169532,Yes
GC#SCH04-S009#0757 672 987,SCH04-S009,Victor Kosgei,SCH04,SCH04-FORM4SOUTH,Hillary Kosgei,Aunt,0757 672 987,+254757672987,Yes
GC#SCH04-S010#0112 818 408,SCH04-S010,Ian Nyambura,SCH04,SCH04-FORM4SOUTH,Nicholas Nyambura,Grandfather,0112 818 408,+254112818408,Yes
GC#SCH04-S011#0722 169 112,SCH04-S011,Erick Jepkosgei,SCH04,SCH04-FORM4SOUTH,Oscar Jepkosgei,Grandfather,0722 169 112,+254722169112,Yes
GC#SCH04-S011#0791 795 537,SCH04-S011,Erick Jepkosgei,SCH04,SCH04-FORM4SOUTH,Esther Jepkosgei,Grandmother,0791 795 537,+254791795537,No
GC#SCH04-S012#0740 042 961,SCH04-S012,Harrison Akinyi,SCH04,SCH04-FORM4SOUTH,Halima Akinyi,Guardian,0740 042 961,+254740042961,Yes
GC#SCH04-S013#0757 235 361,SCH04-S013,Joseph Wambui,SCH04,SCH04-FORM4SOUTH,Peris Wambui,Aunt,0757 235 361,+254757235361,Yes
GC#SCH04-S014#0111 729 127,SCH04-S014,Victor Kilonzo,SCH04,SCH04-FORM4SOUTH,Agnes Kilonzo,Uncle,0111 729 127,+254111729127,Yes
GC#SCH04-S015#0723 463 247,SCH04-S015,Joseph Jepkosgei,SCH04,SCH04-FORM4SOUTH,Gilbert Jepkosgei,Uncle,0723 463 247,+254723463247,Yes
GC#SCH04-S016#0700 755 159,SCH04-S016,Wycliffe Kiptoo,SCH04,SCH04-FORM4SOUTH,Daniel Kiptoo,Grandmother,0700 755 159,+254700755159,Yes
GC#SCH04-S017#0721 712 107,SCH04-S017,Kelvin Auma,SCH04,SCH04-FORM4SOUTH,Grace Auma,Grandfather,0721 712 107,+254721712107,Yes
GC#SCH04-S018#0110 410 222,SCH04-S018,Joseph Onyango,SCH04,SCH04-FORM4SOUTH,Onalisa Onyango,Aunt,0110 410 222,+254110410222,Yes
GC#SCH04-S018#0750 895 742,SCH04-S018,Joseph Onyango,SCH04,SCH04-FORM4SOUTH,Irene Onyango,Uncle,0750 895 742,+254750895742,No
GC#SCH04-S019#0790 325 320,SCH04-S019,Enock Wekesa,SCH04,SCH04-FORM4SOUTH,George Wekesa,Grandfather,0790 325 320,+254790325320,Yes
GC#SCH04-S020#0740 131 106,SCH04-S020,Dickson Kiptoo,SCH04,SCH04-FORM4SOUTH,Nancy Kiptoo,Grandmother,0740 131 106,+254740131106,Yes
GC#SCH04-S021#0111 830 494,SCH04-S021,Charles Mumbi,SCH04,SCH04-FORM4SOUTH,Eunice Mumbi,Father,0111 830 494,+254111830494,Yes
GC#SCH04-S021#0702 170 917,SCH04-S021,Charles Mumbi,SCH04,SCH04-FORM4SOUTH,Charles Mumbi,Grandmother,0702 170 917,+254702170917,No
GC#SCH04-S022#0750 300 997,SCH04-S022,Nicholas Barasa,SCH04,SCH04-FORM4SOUTH,Charles Barasa,Aunt,0750 300 997,+254750300997,Yes
GC#SCH04-S023#0721 232 406,SCH04-S023,Lewis Kimani,SCH04,SCH04-FORM4SOUTH,Millicent Kimani,Grandfather,0721 232 406,+254721232406,Yes
GC#SCH04-S024#0112 312 180,SCH04-S024,Erick Mutua,SCH04,SCH04-FORM4SOUTH,Quinter Mutua,Uncle,0112 312 180,+254112312180,Yes
GC#SCH04-S024#0700 888 225,SCH04-S024,Erick Mutua,SCH04,SCH04-FORM4SOUTH,Ian Mutua,Uncle,0700 888 225,+254700888225,No
GC#SCH04-S025#0112 249 374,SCH04-S025,Felix Otieno,SCH04,SCH04-FORM4SOUTH,Linet Otieno,Grandmother,0112 249 374,+254112249374,Yes
GC#SCH04-S026#0722 810 953,SCH04-S026,Titus Jepkosgei,SCH04,SCH04-FORM4SOUTH,Erick Jepkosgei,Guardian,0722 810 953,+254722810953,Yes
GC#SCH04-S027#0723 988 728,SCH04-S027,Dennis Wekesa,SCH04,SCH04-FORM4SOUTH,Cynthia Wekesa,Grandmother,0723 988 728,+254723988728,Yes
GC#SCH04-S027#0733 971 439,SCH04-S027,Dennis Wekesa,SCH04,SCH04-FORM4SOUTH,Faith Wekesa,Guardian,0733 971 439,+254733971439,No
GC#SCH04-S028#0720 163 155,SCH04-S028,Daniel Akinyi,SCH04,SCH04-FORM4SOUTH,Erick Akinyi,Uncle,0720 163 155,+254720163155,Yes
GC#SCH04-S028#0711 391 730,SCH04-S028,Daniel Akinyi,SCH04,SCH04-FORM4SOUTH,Ursula Akinyi,Guardian,0711 391 730,+254711391730,No
GC#SCH04-S029#0111 345 599,SCH04-S029,Peter Kiprono,SCH04,SCH04-FORM4SOUTH,Gilbert Kiprono,Aunt,0111 345 599,+254111345599,Yes
GC#SCH04-S030#0711 096 829,SCH04-S030,Lewis Njeri,SCH04,SCH04-FORM4SOUTH,Kendi Njeri,Grandfather,0711 096 829,+254711096829,Yes
GC#SCH04-S030#0750 115 382,SCH04-S030,Lewis Njeri,SCH04,SCH04-FORM4SOUTH,Halima Njeri,Grandmother,0750 115 382,+254750115382,No
GC#SCH04-S031#0740 365 919,SCH04-S031,Elvis Adhiambo,SCH04,SCH04-FORM4SOUTH,Naomi Adhiambo,Grandmother,0740 365 919,+254740365919,Yes
GC#SCH04-S032#0791 319 002,SCH04-S032,Kevin Omondi,SCH04,SCH04-FORM4SOUTH,Oscar Omondi,Guardian,0791 319 002,+254791319002,Yes
GC#SCH05-S001#0700 636 430,SCH05-S001,Collins Nyambura,SCH05,SCH05-FORM2CENTRAL,Eunice Nyambura,Mother,0700 636 430,+254700636430,Yes
GC#SCH05-S002#0722 437 912,SCH05-S002,Elvis Kiptoo,SCH05,SCH05-FORM2CENTRAL,Ruth Kiptoo,Grandmother,0722 437 912,+254722437912,Yes
GC#SCH05-S003#0110 134 901,SCH05-S003,Kibet Kilonzo,SCH05,SCH05-FORM2CENTRAL,Nancy Kilonzo,Aunt,0110 134 901,+254110134901,Yes
GC#SCH05-S004#0111 457 621,SCH05-S004,Geoffrey Kiptoo,SCH05,SCH05-FORM2CENTRAL,Fred Kiptoo,Uncle,0111 457 621,+254111457621,Yes
GC#SCH05-S005#0768 959 012,SCH05-S005,Fred Mumbi,SCH05,SCH05-FORM2CENTRAL,Gladys Mumbi,Grandmother,0768 959 012,+254768959012,Yes
GC#SCH05-S006#0757 017 252,SCH05-S006,Victor Omondi,SCH05,SCH05-FORM2CENTRAL,Ursula Omondi,Grandmother,0757 017 252,+254757017252,Yes
GC#SCH05-S007#0791 405 344,SCH05-S007,Enock Kiprono,SCH05,SCH05-FORM2CENTRAL,Diana Kiprono,Aunt,0791 405 344,+254791405344,Yes
GC#SCH05-S008#0700 451 647,SCH05-S008,Duncan Njeri,SCH05,SCH05-FORM2CENTRAL,Onalisa Njeri,Aunt,0700 451 647,+254700451647,Yes
GC#SCH05-S009#0790 044 205,SCH05-S009,Brian Wekesa,SCH05,SCH05-FORM2CENTRAL,Peris Wekesa,Mother,0790 044 205,+254790044205,Yes
GC#SCH05-S010#0723 870 596,SCH05-S010,Enock Kariuki,SCH05,SCH05-FORM2CENTRAL,Gilbert Kariuki,Grandfather,0723 870 596,+254723870596,Yes
GC#SCH05-S011#0702 539 607,SCH05-S011,Francis Maina,SCH05,SCH05-FORM2CENTRAL,Boniface Maina,Guardian,0702 539 607,+254702539607,Yes
GC#SCH05-S012#0741 192 859,SCH05-S012,Titus Barasa,SCH05,SCH05-FORM2CENTRAL,Irene Barasa,Uncle,0741 192 859,+254741192859,Yes
GC#SCH05-S013#0711 085 005,SCH05-S013,Kelvin Ochieng,SCH05,SCH05-FORM2CENTRAL,Ursula Ochieng,Guardian,0711 085 005,+254711085005,Yes
GC#SCH05-S014#0733 823 704,SCH05-S014,Kibet Onyango,SCH05,SCH05-FORM2CENTRAL,Samuel Onyango,Father,0733 823 704,+254733823704,Yes
GC#SCH05-S015#0768 051 188,SCH05-S015,Erick Rotich,SCH05,SCH05-FORM2CENTRAL,Isaac Rotich,Grandmother,0768 051 188,+254768051188,Yes
GC#SCH05-S016#0722 362 331,SCH05-S016,Kevin Mbugua,SCH05,SCH05-FORM2CENTRAL,Enock Mbugua,Mother,0722 362 331,+254722362331,Yes
GC#SCH05-S017#0111 343 795,SCH05-S017,Boniface Achieng,SCH05,SCH05-FORM2CENTRAL,Nancy Achieng,Guardian,0111 343 795,+254111343795,Yes
GC#SCH05-S018#0741 427 396,SCH05-S018,Oscar Wekesa,SCH05,SCH05-FORM2CENTRAL,Enock Wekesa,Guardian,0741 427 396,+254741427396,Yes
GC#SCH05-S019#0700 847 324,SCH05-S019,Felix Muthoni,SCH05,SCH05-FORM2CENTRAL,Irene Muthoni,Guardian,0700 847 324,+254700847324,Yes
GC#SCH05-S020#0791 389 379,SCH05-S020,Robert Kilonzo,SCH05,SCH05-FORM2CENTRAL,Onalisa Kilonzo,Grandfather,0791 389 379,+254791389379,Yes
GC#SCH05-S021#0740 568 664,SCH05-S021,Alex Mumbi,SCH05,SCH05-FORM2CENTRAL,Mercy Mumbi,Mother,0740 568 664,+254740568664,Yes
GC#SCH05-S022#0711 186 988,SCH05-S022,Oscar Kosgei,SCH05,SCH05-FORM2CENTRAL,Peter Kosgei,Uncle,0711 186 988,+254711186988,Yes
GC#SCH05-S023#0112 535 121,SCH05-S023,Dickson Auma,SCH05,SCH05-FORM2CENTRAL,Lewis Auma,Mother,0112 535 121,+254112535121,Yes
GC#SCH05-S024#0721 623 390,SCH05-S024,Wycliffe Mutua,SCH05,SCH05-FORM2CENTRAL,Agnes Mutua,Grandmother,0721 623 390,+254721623390,Yes
GC#SCH05-S025#0110 864 998,SCH05-S025,Felix Kilonzo,SCH05,SCH05-FORM2CENTRAL,Harrison Kilonzo,Grandmother,0110 864 998,+254110864998,Yes
GC#SCH05-S026#0110 697 230,SCH05-S026,Francis Mwangi,SCH05,SCH05-FORM2CENTRAL,Esther Mwangi,Grandmother,0110 697 230,+254110697230,Yes
GC#SCH05-S027#0112 984 408,SCH05-S027,Titus Maina,SCH05,SCH05-FORM2CENTRAL,Fred Maina,Father,0112 984 408,+254112984408,Yes
GC#SCH05-S028#0701 266 092,SCH05-S028,Collins Gathoni,SCH05,SCH05-FORM2CENTRAL,Kelvin Gathoni,Grandfather,0701 266 092,+254701266092,Yes
GC#SCH05-S029#0711 565 471,SCH05-S029,Michael Kosgei,SCH05,SCH05-FORM2CENTRAL,Humphrey Kosgei,Grandfather,0711 565 471,+254711565471,Yes
GC#SCH05-S030#0720 607 768,SCH05-S030,Boniface Mumbi,SCH05,SCH05-FORM2CENTRAL,Boniface Mumbi,Grandfather,0720 607 768,+254720607768,Yes
GC#SCH05-S030#0721 702 140,SCH05-S030,Boniface Mumbi,SCH05,SCH05-FORM2CENTRAL,Kibet Mumbi,Uncle,0721 702 140,+254721702140,No
GC#SCH05-S031#0111 824 314,SCH05-S031,Harrison Atieno,SCH05,SCH05-FORM2CENTRAL,Gladys Atieno,Father,0111 824 314,+254111824314,Yes
GC#SCH05-S032#0721 895 771,SCH05-S032,Brian Odhiambo,SCH05,SCH05-FORM2CENTRAL,Emmanuel Odhiambo,Father,0721 895 771,+254721895771,Yes
GC#SCH05-S033#0701 814 147,SCH05-S033,Kevin Cherono,SCH05,SCH05-FORM2CENTRAL,Rehema Cherono,Uncle,0701 814 147,+254701814147,Yes
GC#SCH05-S034#0710 952 642,SCH05-S034,Collins Nafula,SCH05,SCH05-FORM2CENTRAL,Kendi Nafula,Grandmother,0710 952 642,+254710952642,Yes
GC#SCH05-S035#0702 299 065,SCH05-S035,George Cheruiyot,SCH05,SCH05-FORM2CENTRAL,Titus Cheruiyot,Uncle,0702 299 065,+254702299065,Yes
GC#SCH05-S036#0722 766 951,SCH05-S036,Felix Atieno,SCH05,SCH05-FORM2CENTRAL,Esther Atieno,Guardian,0722 766 951,+254722766951,Yes
GC#SCH05-S037#0721 042 491,SCH05-S037,Wycliffe Odhiambo,SCH05,SCH05-FORM2CENTRAL,Isaac Odhiambo,Aunt,0721 042 491,+254721042491,Yes
GC#SCH05-S038#0733 441 999,SCH05-S038,Hillary Cherono,SCH05,SCH05-FORM2CENTRAL,Winnie Cherono,Father,0733 441 999,+254733441999,Yes
GC#SCH05-S039#0700 676 177,SCH05-S039,Gilbert Mwangi,SCH05,SCH05-FORM2CENTRAL,Enock Mwangi,Father,0700 676 177,+254700676177,Yes
GC#SCH05-S040#0757 362 842,SCH05-S040,Duncan Wanjiru,SCH05,SCH05-FORM2CENTRAL,Catherine Wanjiru,Grandmother,0757 362 842,+254757362842,Yes
